,D_BOY_id,d_boy_name,mobile
0,1,Quintessa,+91 3328273800
1,2,Dante,+91 8084785107
2,3,Stella,+91 2875853571
3,4,Griffin,+91 0156704105
4,5,Yeo,+91 0963091888
5,6,Tatyana,+91 7149969267
6,7,Beverly,+91 1728453863
7,8,Brynn,+91 5389494472
8,9,Jin,+91 4996367221
9,10,Hayes,+91 6196507584
10,11,Ingrid,+91 6189522884
11,12,Lucy,+91 6418371018
12,13,Barclay,+91 0505516408
13,14,Hayes,+91 2287126990
14,15,Adena,+91 2433576514
15,16,Callum,+91 7332626206
16,17,Barry,+91 2837405796
17,18,Ifeoma,+91 5350899213
18,19,Macey,+91 7531853854
19,20,Heather,+91 2399268863
20,21,Noelle,+91 4538921690
21,22,Camden,+91 0359092278
22,23,Nicholas,+91 4860550886
23,24,Jillian,+91 2525631122
24,25,Xerxes,+91 2289099329
25,26,Charity,+91 7666384102
26,27,Martha,+91 9218274006
27,28,Cade,+91 7619389382
28,29,Scott,+91 3643731487
29,30,Halla,+91 9816760912
30,31,Kaye,+91 4675505358
31,32,Willow,+91 9953684814
32,33,Isaac,+91 8230381213
33,34,Dante,+91 9719925554
34,35,Alea,+91 8810340189
35,36,Elaine,+91 3815293228
36,37,Kay,+91 9250920325
37,38,Gavin,+91 9755987307
38,39,Cheyenne,+91 5513391445
39,40,Ivy,+91 6466899426
40,41,Xavier,+91 5802493786
41,42,Farrah,+91 6985079788
42,43,Mark,+91 8649240100
43,44,Maite,+91 3146063369
44,45,Lara,+91 9921721724
45,46,Charlotte,+91 9040293678
46,47,Hadassah,+91 4596794691
47,48,Jacqueline,+91 6320503003
48,49,Piper,+91 2847851427
49,50,Cooper,+91 6322606033
50,51,Hyatt,+91 7283016553
51,52,Jemima,+91 9687281819
52,53,Madeson,+91 7795392287
53,54,Jonah,+91 6214663975
54,55,Britanni,+91 0201315274
55,56,Noah,+91 2794237288
56,57,Rahim,+91 7429353658
57,58,Ulysses,+91 1669299420
58,59,Ali,+91 8593355151
59,60,Carolyn,+91 4493116248
60,61,Martin,+91 0796261745
61,62,Logan,+91 6450439030
62,63,Octavius,+91 7702471487
63,64,Inez,+91 9661687487
64,65,Ocean,+91 1220606797
65,66,Hedy,+91 2600063896
66,67,Alexander,+91 3473500847
67,68,Heidi,+91 4914224967
68,69,Isaiah,+91 1993721405
69,70,Abdul,+91 6338268950
70,71,Blaine,+91 6702055535
71,72,Wade,+91 5076284492
72,73,Elvis,+91 5806196237
73,74,Ingrid,+91 5129853813
74,75,Lisandra,+91 2819200281
75,76,Amanda,+91 8278593672
76,77,Castor,+91 4083394306
77,78,Cassandra,+91 0637336186
78,79,Lydia,+91 6090475693
79,80,Hop,+91 5983456059
80,81,Lois,+91 1299313321
81,82,Kibo,+91 4603653216
82,83,Alec,+91 2857860358
83,84,Ronan,+91 8481474222
84,85,Gregory,+91 1210897996
85,86,Dai,+91 0156447830
86,87,Paloma,+91 1505412618
87,88,Reed,+91 0899954364
88,89,Finn,+91 4827644883
89,90,Skyler,+91 1327849223
90,91,Lynn,+91 1380925139
91,92,Len,+91 2195522137
92,93,Hasad,+91 9607891015
93,94,Dieter,+91 2738815457
94,95,Dante,+91 2681794583
95,96,Dennis,+91 6533510441
96,97,Elliott,+91 9807727265
97,98,Dorian,+91 5559925433
98,99,Adam,+91 2814851501
99,100,Imelda,+91 5193231975
