,userid,username,mobile,address
0,1,Zachary,+91 1393859202,749-9148 Mauris Ave
1,2,Abbot,+91 6770297941,"P.O. Box 396, 9192 Primis Rd."
2,3,Nero,+91 2212977151,3097 Nunc Road
3,4,Jasper,+91 1518046186,958-6302 Lacus. Road
4,5,Jana,+91 5954463649,Ap #129-9396 Morbi Av.
5,6,Ava,+91 5104321470,737-9475 Semper St.
6,7,Debra,+91 6400767770,1478 Orci Av.
7,8,Suki,+91 8943524859,Ap #281-4711 Sagittis. Avenue
8,9,Rowan,+91 3046581999,401-4248 Ut Road
9,10,Emmanuel,+91 0042806251,7592 Auctor Road
10,11,Alden,+91 6201990072,468-7261 Pellentesque St.
11,12,Glenna,+91 0116200294,291-4781 Metus St.
12,13,Bianca,+91 4509809714,"P.O. Box 274, 4891 Mi. Ave"
13,14,Cain,+91 9646149278,Ap #552-5663 In St.
14,15,Tallulah,+91 2170559722,8467 Rhoncus. Road
15,16,Grace,+91 7507958550,851-2357 Auctor Av.
16,17,Lucian,+91 2296530605,769-9776 Libero Street
17,18,Deacon,+91 7193455053,2021 Feugiat. Ave
18,19,Maile,+91 0450890333,7564 Erat. Rd.
19,20,Lilah,+91 4625568325,259-8529 Eleifend Rd.
20,21,Porter,+91 7596910110,263-6787 Nunc Road
21,22,Hiram,+91 0007982254,Ap #174-4809 Ipsum Rd.
22,23,Brielle,+91 3456501957,"7148 Ut, Av."
23,24,Alan,+91 9147114044,730-5011 Vitae Av.
24,25,Asher,+91 3276220504,"P.O. Box 161, 4735 Hendrerit. Rd."
25,26,Basil,+91 3045241635,"P.O. Box 987, 1451 Dui. St."
26,27,Reuben,+91 8360561856,"4553 Montes, Ave"
27,28,Branden,+91 2768845554,Ap #974-3074 In Ave
28,29,Randall,+91 6702522503,713-3117 Id St.
29,30,Rae,+91 7956904250,9273 Conubia Avenue
30,31,Fuller,+91 1398533871,8485 Orci St.
31,32,Winter,+91 9678031392,Ap #966-6285 Gravida Road
32,33,Lillith,+91 9317025871,3922 Donec Avenue
33,34,Griffin,+91 5235101348,"P.O. Box 173, 3467 Nam Road"
34,35,Kimberly,+91 2090205306,8937 Sed Road
35,36,Micah,+91 5918673518,"3211 At, Road"
36,37,Kane,+91 3526122283,669-9959 Vehicula Avenue
37,38,Ignatius,+91 9984486969,"P.O. Box 401, 3573 Iaculis Rd."
38,39,Derek,+91 6154320029,6693 Sapien Avenue
39,40,Unity,+91 3041943547,"P.O. Box 438, 5741 Lacus. St."
40,41,Leila,+91 5035452684,"P.O. Box 634, 2446 A St."
41,42,Barclay,+91 4792704442,Ap #840-2779 Ipsum. Ave
42,43,Ralph,+91 4454437504,"P.O. Box 941, 3617 Id, Street"
43,44,Denise,+91 3376484348,Ap #977-2729 Nunc Street
44,45,Freya,+91 4523831586,"P.O. Box 148, 5306 Placerat, St."
45,46,Meghan,+91 6761762551,Ap #930-9207 Cras Ave
46,47,Paul,+91 1204853161,"P.O. Box 428, 1729 Lacus. St."
47,48,Amelia,+91 6691631804,9467 Pede. Avenue
48,49,Yoshi,+91 6608844060,919-3802 Sit Avenue
49,50,Dale,+91 1212054792,4747 Sed St.
50,51,Henry,+91 9511698491,5612 Pede Rd.
51,52,Kasimir,+91 9776960685,782-6728 Morbi Street
52,53,Isaiah,+91 0050449127,7945 Mauris Av.
53,54,Jordan,+91 1205511829,Ap #235-8033 Fames Avenue
54,55,Jenette,+91 1430471127,"P.O. Box 537, 3419 At, St."
55,56,Garrett,+91 4240937065,"P.O. Box 897, 277 Dui Street"
56,57,Amery,+91 4465302862,331-233 Aenean Road
57,58,Orson,+91 7899428703,348-1721 Adipiscing Ave
58,59,Marcia,+91 5670110721,Ap #239-6637 Sed Road
59,60,Kirk,+91 0657666187,Ap #242-722 Sed Rd.
60,61,Olympia,+91 5134933917,"P.O. Box 867, 2298 Tincidunt. Rd."
61,62,Karyn,+91 2261006203,"P.O. Box 937, 640 Nisl. Av."
62,63,James,+91 4394380967,431 Tortor. Rd.
63,64,Germaine,+91 1027309567,1030 Nunc Rd.
64,65,Hilel,+91 2563012124,"8857 Montes, Ave"
65,66,Garth,+91 5345075307,103-3888 Erat Road
66,67,Shana,+91 5106715509,Ap #952-6400 Augue. Road
67,68,Brenna,+91 8262631145,"P.O. Box 140, 654 Justo St."
68,69,Adena,+91 5362542261,"P.O. Box 825, 4241 Magna. Avenue"
69,70,Samuel,+91 5300760366,"P.O. Box 282, 3091 Sed St."
70,71,Peter,+91 8977321763,Ap #103-6483 Elementum Av.
71,72,Fiona,+91 5480553642,"8280 Lorem, Rd."
72,73,Travis,+91 0517654025,3919 Nisi St.
73,74,Myles,+91 8130066033,890-4164 Nibh Ave
74,75,Simon,+91 1902556976,Ap #460-6550 Nec Rd.
75,76,Neve,+91 0135519018,3575 Scelerisque Avenue
76,77,Todd,+91 3833688329,"P.O. Box 326, 4010 Vulputate Ave"
77,78,Victor,+91 6955581965,Ap #475-2185 Id Rd.
78,79,Gray,+91 7090090665,2838 Semper Av.
79,80,Amanda,+91 8053287421,Ap #728-2949 Metus St.
80,81,Ronan,+91 5705625464,Ap #922-1215 Aliquam Avenue
81,82,Oscar,+91 9570989226,Ap #874-9553 Sodales Road
82,83,Paul,+91 2323248197,"P.O. Box 157, 3665 Diam Ave"
83,84,Florence,+91 7470830151,7268 Libero Road
84,85,Alea,+91 3295568074,"P.O. Box 908, 8524 Nisi. Avenue"
85,86,Kiona,+91 1115611564,"P.O. Box 845, 5101 Faucibus Av."
86,87,Raja,+91 8207505824,468 Vel Av.
87,88,Lavinia,+91 9986362628,"P.O. Box 529, 3616 Ridiculus Road"
88,89,Cooper,+91 3663083912,Ap #197-5431 Ornare Rd.
89,90,Dana,+91 9974814152,Ap #479-530 Libero. Av.
90,91,Linda,+91 5875404316,891-8021 Lacus. Road
91,92,Ria,+91 8882645010,826-4832 Sagittis. Avenue
92,93,Wylie,+91 2106331617,760-125 At Rd.
93,94,Irma,+91 2722000783,"P.O. Box 514, 5017 Elit St."
94,95,Rhoda,+91 9274836093,Ap #679-3222 Vivamus St.
95,96,Calvin,+91 9561255404,"P.O. Box 604, 4592 Ligula. Rd."
96,97,Harlan,+91 7922050708,3956 Amet St.
97,98,Aquila,+91 5231074704,"P.O. Box 966, 5160 Aliquam Ave"
98,99,Baker,+91 9161286283,773 Curae; Ave
99,100,Avram,+91 1506106867,"2012 Aliquet, Av."
